sample_name	unit_name	fq1	fq2	sra	read_length	adapters
M80496	U1	../raw/sequencing_runs/200626_VH00142_3_AAAC77GM5/fastq.E002_2020.SampleSheet_v1a/M80496_S1_L001_R1_001.fastq.gz	../raw/sequencing_runs/200626_VH00142_3_AAAC77GM5/fastq.E002_2020.SampleSheet_v1a/M80496_S1_L001_R2_001.fastq.gz		151	-a AGATCGGAAGAGC -A AGATCGGAAGAGC
M81912	U1	../raw/sequencing_runs/200626_VH00142_3_AAAC77GM5/fastq.E002_2020.SampleSheet_v1a/M81912_S2_L001_R1_001.fastq.gz	../raw/sequencing_runs/200626_VH00142_3_AAAC77GM5/fastq.E002_2020.SampleSheet_v1a/M81912_S2_L001_R2_001.fastq.gz		151	-a AGATCGGAAGAGC -A AGATCGGAAGAGC
M82104	U1	../raw/sequencing_runs/200626_VH00142_3_AAAC77GM5/fastq.E002_2020.SampleSheet_v1a/M82104_S3_L001_R1_001.fastq.gz	../raw/sequencing_runs/200626_VH00142_3_AAAC77GM5/fastq.E002_2020.SampleSheet_v1a/M82104_S3_L001_R2_001.fastq.gz		151	-a AGATCGGAAGAGC -A AGATCGGAAGAGC
M82105	U1	../raw/sequencing_runs/200626_VH00142_3_AAAC77GM5/fastq.E002_2020.SampleSheet_v1a/M82105_S4_L001_R1_001.fastq.gz	../raw/sequencing_runs/200626_VH00142_3_AAAC77GM5/fastq.E002_2020.SampleSheet_v1a/M82105_S4_L001_R2_001.fastq.gz		151	-a AGATCGGAAGAGC -A AGATCGGAAGAGC
M82244	U1	../raw/sequencing_runs/200626_VH00142_3_AAAC77GM5/fastq.E002_2020.SampleSheet_v1a/M82244_S5_L001_R1_001.fastq.gz	../raw/sequencing_runs/200626_VH00142_3_AAAC77GM5/fastq.E002_2020.SampleSheet_v1a/M82244_S5_L001_R2_001.fastq.gz		151	-a AGATCGGAAGAGC -A AGATCGGAAGAGC
M82246	U1	../raw/sequencing_runs/200626_VH00142_3_AAAC77GM5/fastq.E002_2020.SampleSheet_v1a/M82246_S6_L001_R1_001.fastq.gz	../raw/sequencing_runs/200626_VH00142_3_AAAC77GM5/fastq.E002_2020.SampleSheet_v1a/M82246_S6_L001_R2_001.fastq.gz		151	-a AGATCGGAAGAGC -A AGATCGGAAGAGC
M82248	U1	../raw/sequencing_runs/200626_VH00142_3_AAAC77GM5/fastq.E002_2020.SampleSheet_v1a/M82248_S7_L001_R1_001.fastq.gz	../raw/sequencing_runs/200626_VH00142_3_AAAC77GM5/fastq.E002_2020.SampleSheet_v1a/M82248_S7_L001_R2_001.fastq.gz		151	-a AGATCGGAAGAGC -A AGATCGGAAGAGC
M78985	U1	../raw/sequencing_runs/200626_VH00142_3_AAAC77GM5/fastq.E002_2020.SampleSheet_v1a/M78985_S8_L001_R1_001.fastq.gz	../raw/sequencing_runs/200626_VH00142_3_AAAC77GM5/fastq.E002_2020.SampleSheet_v1a/M78985_S8_L001_R2_001.fastq.gz		151	-a AGATCGGAAGAGC -A AGATCGGAAGAGC
M82430	U1	../raw/sequencing_runs/200626_VH00142_3_AAAC77GM5/fastq.E002_2020.SampleSheet_v1a/M82430_S9_L001_R1_001.fastq.gz	../raw/sequencing_runs/200626_VH00142_3_AAAC77GM5/fastq.E002_2020.SampleSheet_v1a/M82430_S9_L001_R2_001.fastq.gz		151	-a AGATCGGAAGAGC -A AGATCGGAAGAGC
M62171	U1	../raw/sequencing_runs/200626_VH00142_3_AAAC77GM5/fastq.E002_2020.SampleSheet_v1a/M62171_S10_L001_R1_001.fastq.gz	../raw/sequencing_runs/200626_VH00142_3_AAAC77GM5/fastq.E002_2020.SampleSheet_v1a/M62171_S10_L001_R2_001.fastq.gz		151	-a AGATCGGAAGAGC -A AGATCGGAAGAGC
M81899	U1	../raw/sequencing_runs/200626_VH00142_3_AAAC77GM5/fastq.E002_2020.SampleSheet_v1a/M81899_S11_L001_R1_001.fastq.gz	../raw/sequencing_runs/200626_VH00142_3_AAAC77GM5/fastq.E002_2020.SampleSheet_v1a/M81899_S11_L001_R2_001.fastq.gz		151	-a AGATCGGAAGAGC -A AGATCGGAAGAGC
Control	U1	../raw/sequencing_runs/200626_VH00142_3_AAAC77GM5/fastq.E002_2020.SampleSheet_v1a/Control_S12_L001_R1_001.fastq.gz	../raw/sequencing_runs/200626_VH00142_3_AAAC77GM5/fastq.E002_2020.SampleSheet_v1a/Control_S12_L001_R2_001.fastq.gz		151	-a AGATCGGAAGAGC -A AGATCGGAAGAGC
