sample_name	unit_name	fq1	fq2	sra	adapters
pF1	pF1	../raw/fastq/pF1_R1.fastq.gz	../raw/fastq/pF1_R2.fastq.gz		-a AGATCGGAAGAGCACACGTCTGAACTCCAGTCA -A AGATCGGAAGAGCGTCGTGTAGGGAAAGAGTGT
pM1	pM1	../raw/fastq/pM1_R1.fastq.gz	../raw/fastq/pM1_R2.fastq.gz		-a AGATCGGAAGAGCACACGTCTGAACTCCAGTCA -A AGATCGGAAGAGCGTCGTGTAGGGAAAGAGTGT
pF2	pF2	../raw/fastq/pF2_R1.fastq.gz	../raw/fastq/pF2_R2.fastq.gz		-a AGATCGGAAGAGCACACGTCTGAACTCCAGTCA -A AGATCGGAAGAGCGTCGTGTAGGGAAAGAGTGT
pM2	pM2	../raw/fastq/pM2_R1.fastq.gz	../raw/fastq/pM2_R2.fastq.gz		-a AGATCGGAAGAGCACACGTCTGAACTCCAGTCA -A AGATCGGAAGAGCGTCGTGTAGGGAAAGAGTGT
pF3	pF3	../raw/fastq/pF3_R1.fastq.gz	../raw/fastq/pF3_R2.fastq.gz		-a AGATCGGAAGAGCACACGTCTGAACTCCAGTCA -A AGATCGGAAGAGCGTCGTGTAGGGAAAGAGTGT
pM3	pM3	../raw/fastq/pM3_R1.fastq.gz	../raw/fastq/pM3_R2.fastq.gz		-a AGATCGGAAGAGCACACGTCTGAACTCCAGTCA -A AGATCGGAAGAGCGTCGTGTAGGGAAAGAGTGT
pF4	pF4	../raw/fastq/pF4_R1.fastq.gz	../raw/fastq/pF4_R2.fastq.gz		-a AGATCGGAAGAGCACACGTCTGAACTCCAGTCA -A AGATCGGAAGAGCGTCGTGTAGGGAAAGAGTGT
pM4	pM4	../raw/fastq/pM4_R1.fastq.gz	../raw/fastq/pM4_R2.fastq.gz		-a AGATCGGAAGAGCACACGTCTGAACTCCAGTCA -A AGATCGGAAGAGCGTCGTGTAGGGAAAGAGTGT
pF5	L001	/vol/pico/exome_seq/raw/sequencing_runs/210617_VH00142_23_AAAGF5NHV/Analysis/1/Data/fastq/pF5_S14_L001_R1_001.fastq.gz	/vol/pico/exome_seq/raw/sequencing_runs/210617_VH00142_23_AAAGF5NHV/Analysis/1/Data/fastq/pF5_S14_L001_R2_001.fastq.gz		-a AGATCGGAAGAGCACACGTCTGAACTCCAGTCA -A AGATCGGAAGAGCGTCGTGTAGGGAAAGAGTGT
pF5	L002	/vol/pico/exome_seq/raw/sequencing_runs/210617_VH00142_23_AAAGF5NHV/Analysis/1/Data/fastq/pF5_S14_L002_R1_001.fastq.gz	/vol/pico/exome_seq/raw/sequencing_runs/210617_VH00142_23_AAAGF5NHV/Analysis/1/Data/fastq/pF5_S14_L002_R2_001.fastq.gz		-a AGATCGGAAGAGCACACGTCTGAACTCCAGTCA -A AGATCGGAAGAGCGTCGTGTAGGGAAAGAGTGT
pM5	L001	/vol/pico/exome_seq/raw/sequencing_runs/210617_VH00142_23_AAAGF5NHV/Analysis/1/Data/fastq/pM5_S13_L001_R1_001.fastq.gz	/vol/pico/exome_seq/raw/sequencing_runs/210617_VH00142_23_AAAGF5NHV/Analysis/1/Data/fastq/pM5_S13_L001_R2_001.fastq.gz		-a AGATCGGAAGAGCACACGTCTGAACTCCAGTCA -A AGATCGGAAGAGCGTCGTGTAGGGAAAGAGTGT
pM5	L002	/vol/pico/exome_seq/raw/sequencing_runs/210617_VH00142_23_AAAGF5NHV/Analysis/1/Data/fastq/pM5_S13_L002_R1_001.fastq.gz	/vol/pico/exome_seq/raw/sequencing_runs/210617_VH00142_23_AAAGF5NHV/Analysis/1/Data/fastq/pM5_S13_L002_R2_001.fastq.gz		-a AGATCGGAAGAGCACACGTCTGAACTCCAGTCA -A AGATCGGAAGAGCGTCGTGTAGGGAAAGAGTGT
